Process, Parameter, Value
MEASUREMENT, START, 2024-01-26 18:25:22.522458+00
MEASUREMENT, SCRIPT, /tmp/benchmark/main.sh
MEASUREMENT, BASEDIR, /tmp/benchmark
MEASUREMENT, CWD, /tmp/benchmark
MEASUREMENT, INPUT, 125000000
MEASUREMENT, PID, 11051
SP2B, START, 2024-01-26 18:25:22.532213+00
SP2B, DIR, /tmp/benchmark/sp2b/bin
SP2B, TRIPLES, 125000176
SP2B, FILESIZE, 13658339KB
SP2B, END, 2024-01-26 18:34:41.152592+00
SP2B, EXECTIME, d:h:m:s.ms | 0:0:9:18.620
RDF2RAPSQL, RAPSQLMODEL, rdfid
RDF2RAPSQL, START, 2024-01-26 18:34:41.163796+00
RDF2RAPSQL, INSTANCE, /tmp/benchmark/data/sp125mr2/sp125mr2.n3
RDF2RAPSQL, PID, 11141
RDF2PG, START, 2024-01-26 18:34:41.169359+00
RDF2PG, END, 2024-01-26 18:46:40.337810+00
RDF2PG, EXECTIME, d:h:m:s.ms | 0:0:11:59.168
EDGEPARTITIONING, START, 2024-01-26 18:46:40.483155+00
EDGEPARTITIONING, END, 2024-01-26 18:47:02.125042+00
EDGEPARTITIONING, EXECTIME, d:h:m:s.ms | 0:0:0:21.641
DBIMPORT-NODES, START, 2024-01-26 18:47:02.130271+00
DBIMPORT-NODES, END, 2024-01-26 18:55:54.954124+00
DBIMPORT-NODES, EXECTIME, d:h:m:s.ms | 0:0:8:52.823
DBIMPORT-EDGES, START, 2024-01-26 18:55:54.959434+00
DBIMPORT-EDGES, END, 2024-01-26 19:05:11.649909+00
DBIMPORT-EDGES, EXECTIME, d:h:m:s.ms | 0:0:9:16.690
RDF2RAPSQL, END, 2024-01-26 19:05:11.655633+00
RDF2RAPSQL, EXECTIME, d:h:m:s.ms | 0:0:30:30.491
WRITECYPHER, RAPSQLTRANSPILER, cpo2
WRITECYPHER, START, 2024-01-26 19:05:11.664638+00
WRITECYPHER, END, 2024-01-26 19:05:12.551089+00
WRITECYPHER, EXECTIME, d:h:m:s.ms | 0:0:0:0.886
RAPSQLTRIPLES-CNT, START, 2024-01-26 19:05:17.560252+00
RAPSQLTRIPLES-CNT, END, 2024-01-26 19:06:18.914480+00
RAPSQLTRIPLES-CNT, EXECTIME, d:h:m:s.ms | 0:0:1:1.354
RUNQUERIES, START, 2024-01-26 19:06:23.923659+00
QUERY-EXEC | loop-1 | a1-q1, START, 2024-01-26 19:06:26.933901+00
QUERY-EXEC | loop-1 | a1-q1, END, 2024-01-26 19:07:30.192355+00
QUERY-EXEC | loop-1 | a1-q1, EXECTIME, d:h:m:s.ms | 0:0:1:3.258
QUERY-EXEC | loop-1 | b2-q2, START, 2024-01-26 19:07:33.200274+00
QUERY-EXEC | loop-1 | b2-q2, END, 2024-01-26 19:38:08.892779+00
QUERY-EXEC | loop-1 | b2-q2, EXECTIME, d:h:m:s.ms | 0:0:30:35.692
QUERY-EXEC | loop-1 | c3-q3a, START, 2024-01-26 19:38:11.906319+00
QUERY-EXEC | loop-1 | c3-q3a, END, 2024-01-26 19:42:25.702865+00
QUERY-EXEC | loop-1 | c3-q3a, EXECTIME, d:h:m:s.ms | 0:0:4:13.796
QUERY-EXEC | loop-1 | d4-q3b, START, 2024-01-26 19:42:28.710606+00
QUERY-EXEC | loop-1 | d4-q3b, END, 2024-01-26 19:46:18.191150+00
QUERY-EXEC | loop-1 | d4-q3b, EXECTIME, d:h:m:s.ms | 0:0:3:49.480
QUERY-EXEC | loop-1 | e5-q3c, START, 2024-01-26 19:46:21.198813+00
QUERY-EXEC | loop-1 | e5-q3c, END, 2024-01-26 19:50:11.829120+00
QUERY-EXEC | loop-1 | e5-q3c, EXECTIME, d:h:m:s.ms | 0:0:3:50.630
QUERY-EXEC | loop-1 | f6-q4, START, 2024-01-26 19:50:14.836901+00
QUERY-EXEC | loop-1 | f6-q4, END, 2024-01-26 20:20:47.834575+00
QUERY-EXEC | loop-1 | f6-q4, EXECTIME, d:h:m:s.ms | 0:0:30:32.997
QUERY-EXEC | loop-1 | g7-q5a, START, 2024-01-26 20:20:50.842355+00
QUERY-EXEC | loop-1 | g7-q5a, END, 2024-01-26 20:51:08.890786+00
QUERY-EXEC | loop-1 | g7-q5a, EXECTIME, d:h:m:s.ms | 0:0:30:18.48
QUERY-EXEC | loop-1 | h8-q5b, START, 2024-01-26 20:51:11.898512+00
QUERY-EXEC | loop-1 | h8-q5b, END, 2024-01-26 20:58:09.498977+00
QUERY-EXEC | loop-1 | h8-q5b, EXECTIME, d:h:m:s.ms | 0:0:6:57.600
QUERY-EXEC | loop-1 | i9-q6, START, 2024-01-26 20:58:12.506674+00
QUERY-EXEC | loop-1 | i9-q6, END, 2024-01-26 21:28:51.909142+00
QUERY-EXEC | loop-1 | i9-q6, EXECTIME, d:h:m:s.ms | 0:0:30:39.402
QUERY-EXEC | loop-1 | j10-q7, START, 2024-01-26 21:28:54.916846+00
QUERY-EXEC | loop-1 | j10-q7, END, 2024-01-26 21:30:33.265999+00
QUERY-EXEC | loop-1 | j10-q7, EXECTIME, d:h:m:s.ms | 0:0:1:38.349
QUERY-EXEC | loop-1 | k11-q8, START, 2024-01-26 21:30:36.273623+00
QUERY-EXEC | loop-1 | k11-q8, END, 2024-01-26 21:43:44.671069+00
QUERY-EXEC | loop-1 | k11-q8, EXECTIME, d:h:m:s.ms | 0:0:13:8.397
QUERY-EXEC | loop-1 | l12-q9, START, 2024-01-26 21:43:47.678824+00
QUERY-EXEC | loop-1 | l12-q9, END, 2024-01-26 21:58:28.326512+00
QUERY-EXEC | loop-1 | l12-q9, EXECTIME, d:h:m:s.ms | 0:0:14:40.647
QUERY-EXEC | loop-1 | m13-q10, START, 2024-01-26 21:58:31.334292+00
QUERY-EXEC | loop-1 | m13-q10, END, 2024-01-26 22:01:09.163965+00
QUERY-EXEC | loop-1 | m13-q10, EXECTIME, d:h:m:s.ms | 0:0:2:37.829
QUERY-EXEC | loop-1 | n14-q11, START, 2024-01-26 22:01:12.171774+00
QUERY-EXEC | loop-1 | n14-q11, END, 2024-01-26 22:01:42.309841+00
QUERY-EXEC | loop-1 | n14-q11, EXECTIME, d:h:m:s.ms | 0:0:0:30.138
QUERY-EXEC | loop-1 | o15-q12a, START, 2024-01-26 22:01:45.317544+00
QUERY-EXEC | loop-1 | o15-q12a, END, 2024-01-26 22:31:51.166292+00
QUERY-EXEC | loop-1 | o15-q12a, EXECTIME, d:h:m:s.ms | 0:0:30:5.848
QUERY-EXEC | loop-1 | p16-q12b, START, 2024-01-26 22:31:54.174076+00
QUERY-EXEC | loop-1 | p16-q12b, END, 2024-01-26 23:02:07.119075+00
QUERY-EXEC | loop-1 | p16-q12b, EXECTIME, d:h:m:s.ms | 0:0:30:12.944
QUERY-EXEC | loop-1 | q17-q12c, START, 2024-01-26 23:02:10.126898+00
QUERY-EXEC | loop-1 | q17-q12c, END, 2024-01-26 23:02:27.615519+00
QUERY-EXEC | loop-1 | q17-q12c, EXECTIME, d:h:m:s.ms | 0:0:0:17.488
QUERY-PENALTY | loop-1 | p16-q12b.sql, PENALTY-TIME, 3600000.000 ms
QUERY-PENALTY | loop-1 | b2-q2.sql, PENALTY-TIME, 3600000.000 ms
QUERY-PENALTY | loop-1 | i9-q6.sql, PENALTY-TIME, 3600000.000 ms
QUERY-PENALTY | loop-1 | o15-q12a.sql, PENALTY-TIME, 3600000.000 ms
QUERY-PENALTY | loop-1 | g7-q5a.sql, PENALTY-TIME, 3600000.000 ms
QUERY-PENALTY | loop-1 | f6-q4.sql, PENALTY-TIME, 3600000.000 ms
QUERY-PENALTY | loop-1 | j10-q7.sql, PENALTY-TIME, 3600000.000 ms
QUERY-EXEC | loop-2 | a1-q1, START, 2024-01-26 23:02:30.957272+00
QUERY-EXEC | loop-2 | a1-q1, END, 2024-01-26 23:03:46.127836+00
QUERY-EXEC | loop-2 | a1-q1, EXECTIME, d:h:m:s.ms | 0:0:1:15.170
QUERY-EXEC | loop-2 | c3-q3a, START, 2024-01-26 23:03:49.135707+00
QUERY-EXEC | loop-2 | c3-q3a, END, 2024-01-26 23:08:04.225334+00
QUERY-EXEC | loop-2 | c3-q3a, EXECTIME, d:h:m:s.ms | 0:0:4:15.89
QUERY-EXEC | loop-2 | d4-q3b, START, 2024-01-26 23:08:07.233083+00
QUERY-EXEC | loop-2 | d4-q3b, END, 2024-01-26 23:11:57.475527+00
QUERY-EXEC | loop-2 | d4-q3b, EXECTIME, d:h:m:s.ms | 0:0:3:50.242
QUERY-EXEC | loop-2 | e5-q3c, START, 2024-01-26 23:12:00.483232+00
QUERY-EXEC | loop-2 | e5-q3c, END, 2024-01-26 23:15:50.773422+00
QUERY-EXEC | loop-2 | e5-q3c, EXECTIME, d:h:m:s.ms | 0:0:3:50.290
QUERY-EXEC | loop-2 | h8-q5b, START, 2024-01-26 23:15:53.781498+00
QUERY-EXEC | loop-2 | h8-q5b, END, 2024-01-26 23:22:44.164058+00
QUERY-EXEC | loop-2 | h8-q5b, EXECTIME, d:h:m:s.ms | 0:0:6:50.382
QUERY-EXEC | loop-2 | k11-q8, START, 2024-01-26 23:22:47.172104+00
QUERY-EXEC | loop-2 | k11-q8, END, 2024-01-26 23:35:33.988081+00
QUERY-EXEC | loop-2 | k11-q8, EXECTIME, d:h:m:s.ms | 0:0:12:46.815
QUERY-EXEC | loop-2 | l12-q9, START, 2024-01-26 23:35:36.996286+00
QUERY-EXEC | loop-2 | l12-q9, END, 2024-01-26 23:50:42.729408+00
QUERY-EXEC | loop-2 | l12-q9, EXECTIME, d:h:m:s.ms | 0:0:15:5.733
QUERY-EXEC | loop-2 | m13-q10, START, 2024-01-26 23:50:45.737221+00
QUERY-EXEC | loop-2 | m13-q10, END, 2024-01-26 23:53:24.202877+00
QUERY-EXEC | loop-2 | m13-q10, EXECTIME, d:h:m:s.ms | 0:0:2:38.465
QUERY-EXEC | loop-2 | n14-q11, START, 2024-01-26 23:53:27.210703+00
QUERY-EXEC | loop-2 | n14-q11, END, 2024-01-26 23:53:57.319451+00
QUERY-EXEC | loop-2 | n14-q11, EXECTIME, d:h:m:s.ms | 0:0:0:30.108
QUERY-EXEC | loop-2 | q17-q12c, START, 2024-01-26 23:54:00.327284+00
QUERY-EXEC | loop-2 | q17-q12c, END, 2024-01-26 23:54:17.809248+00
QUERY-EXEC | loop-2 | q17-q12c, EXECTIME, d:h:m:s.ms | 0:0:0:17.481
QUERY-SKIP | loop-2 | p16-q12b, PENALTY, 3600000.000 ms
QUERY-SKIP | loop-2 | b2-q2, PENALTY, 3600000.000 ms
QUERY-SKIP | loop-2 | i9-q6, PENALTY, 3600000.000 ms
QUERY-SKIP | loop-2 | o15-q12a, PENALTY, 3600000.000 ms
QUERY-SKIP | loop-2 | g7-q5a, PENALTY, 3600000.000 ms
QUERY-SKIP | loop-2 | f6-q4, PENALTY, 3600000.000 ms
QUERY-SKIP | loop-2 | j10-q7, PENALTY, 3600000.000 ms
QUERY-EXEC | loop-3 | a1-q1, START, 2024-01-26 23:54:21.146009+00
QUERY-EXEC | loop-3 | a1-q1, END, 2024-01-26 23:55:39.217138+00
QUERY-EXEC | loop-3 | a1-q1, EXECTIME, d:h:m:s.ms | 0:0:1:18.71
QUERY-EXEC | loop-3 | c3-q3a, START, 2024-01-26 23:55:42.225167+00
QUERY-EXEC | loop-3 | c3-q3a, END, 2024-01-26 23:59:56.728177+00
QUERY-EXEC | loop-3 | c3-q3a, EXECTIME, d:h:m:s.ms | 0:0:4:14.503
QUERY-EXEC | loop-3 | d4-q3b, START, 2024-01-26 23:59:59.735990+00
QUERY-EXEC | loop-3 | d4-q3b, END, 2024-01-27 00:03:49.880736+00
QUERY-EXEC | loop-3 | d4-q3b, EXECTIME, d:h:m:s.ms | 0:0:3:50.144
QUERY-EXEC | loop-3 | e5-q3c, START, 2024-01-27 00:03:52.888564+00
QUERY-EXEC | loop-3 | e5-q3c, END, 2024-01-27 00:07:43.077856+00
QUERY-EXEC | loop-3 | e5-q3c, EXECTIME, d:h:m:s.ms | 0:0:3:50.189
QUERY-EXEC | loop-3 | h8-q5b, START, 2024-01-27 00:07:46.085605+00
QUERY-EXEC | loop-3 | h8-q5b, END, 2024-01-27 00:14:39.261290+00
QUERY-EXEC | loop-3 | h8-q5b, EXECTIME, d:h:m:s.ms | 0:0:6:53.175
QUERY-EXEC | loop-3 | k11-q8, START, 2024-01-27 00:14:42.269264+00
QUERY-EXEC | loop-3 | k11-q8, END, 2024-01-27 00:28:11.338337+00
QUERY-EXEC | loop-3 | k11-q8, EXECTIME, d:h:m:s.ms | 0:0:13:29.69
QUERY-EXEC | loop-3 | l12-q9, START, 2024-01-27 00:28:14.346187+00
QUERY-EXEC | loop-3 | l12-q9, END, 2024-01-27 00:43:20.041444+00
QUERY-EXEC | loop-3 | l12-q9, EXECTIME, d:h:m:s.ms | 0:0:15:5.695
QUERY-EXEC | loop-3 | m13-q10, START, 2024-01-27 00:43:23.049390+00
QUERY-EXEC | loop-3 | m13-q10, END, 2024-01-27 00:46:04.024943+00
QUERY-EXEC | loop-3 | m13-q10, EXECTIME, d:h:m:s.ms | 0:0:2:40.975
QUERY-EXEC | loop-3 | n14-q11, START, 2024-01-27 00:46:07.032827+00
QUERY-EXEC | loop-3 | n14-q11, END, 2024-01-27 00:46:36.916372+00
QUERY-EXEC | loop-3 | n14-q11, EXECTIME, d:h:m:s.ms | 0:0:0:29.883
QUERY-EXEC | loop-3 | q17-q12c, START, 2024-01-27 00:46:39.924300+00
QUERY-EXEC | loop-3 | q17-q12c, END, 2024-01-27 00:46:57.407038+00
QUERY-EXEC | loop-3 | q17-q12c, EXECTIME, d:h:m:s.ms | 0:0:0:17.482
QUERY-SKIP | loop-3 | p16-q12b, PENALTY, 3600000.000 ms
QUERY-SKIP | loop-3 | b2-q2, PENALTY, 3600000.000 ms
QUERY-SKIP | loop-3 | i9-q6, PENALTY, 3600000.000 ms
QUERY-SKIP | loop-3 | o15-q12a, PENALTY, 3600000.000 ms
QUERY-SKIP | loop-3 | g7-q5a, PENALTY, 3600000.000 ms
QUERY-SKIP | loop-3 | f6-q4, PENALTY, 3600000.000 ms
QUERY-SKIP | loop-3 | j10-q7, PENALTY, 3600000.000 ms
QUERY-EXEC | loop-4 | a1-q1, START, 2024-01-27 00:47:00.743176+00
QUERY-EXEC | loop-4 | a1-q1, END, 2024-01-27 00:48:18.770641+00
QUERY-EXEC | loop-4 | a1-q1, EXECTIME, d:h:m:s.ms | 0:0:1:18.27
QUERY-EXEC | loop-4 | c3-q3a, START, 2024-01-27 00:48:21.778405+00
QUERY-EXEC | loop-4 | c3-q3a, END, 2024-01-27 00:52:35.940252+00
QUERY-EXEC | loop-4 | c3-q3a, EXECTIME, d:h:m:s.ms | 0:0:4:14.161
QUERY-EXEC | loop-4 | d4-q3b, START, 2024-01-27 00:52:38.948224+00
QUERY-EXEC | loop-4 | d4-q3b, END, 2024-01-27 00:56:29.163985+00
QUERY-EXEC | loop-4 | d4-q3b, EXECTIME, d:h:m:s.ms | 0:0:3:50.215
QUERY-EXEC | loop-4 | e5-q3c, START, 2024-01-27 00:56:32.171776+00
QUERY-EXEC | loop-4 | e5-q3c, END, 2024-01-27 01:00:22.586983+00
QUERY-EXEC | loop-4 | e5-q3c, EXECTIME, d:h:m:s.ms | 0:0:3:50.415
QUERY-EXEC | loop-4 | h8-q5b, START, 2024-01-27 01:00:25.594791+00
QUERY-EXEC | loop-4 | h8-q5b, END, 2024-01-27 01:07:15.558192+00
QUERY-EXEC | loop-4 | h8-q5b, EXECTIME, d:h:m:s.ms | 0:0:6:49.963
QUERY-EXEC | loop-4 | k11-q8, START, 2024-01-27 01:07:18.566029+00
QUERY-EXEC | loop-4 | k11-q8, END, 2024-01-27 01:20:10.545112+00
QUERY-EXEC | loop-4 | k11-q8, EXECTIME, d:h:m:s.ms | 0:0:12:51.979
QUERY-EXEC | loop-4 | l12-q9, START, 2024-01-27 01:20:13.552896+00
QUERY-EXEC | loop-4 | l12-q9, END, 2024-01-27 01:34:58.420691+00
QUERY-EXEC | loop-4 | l12-q9, EXECTIME, d:h:m:s.ms | 0:0:14:44.867
QUERY-EXEC | loop-4 | m13-q10, START, 2024-01-27 01:35:01.428675+00
QUERY-EXEC | loop-4 | m13-q10, END, 2024-01-27 01:37:39.783982+00
QUERY-EXEC | loop-4 | m13-q10, EXECTIME, d:h:m:s.ms | 0:0:2:38.355
QUERY-EXEC | loop-4 | n14-q11, START, 2024-01-27 01:37:42.791758+00
QUERY-EXEC | loop-4 | n14-q11, END, 2024-01-27 01:38:12.769901+00
QUERY-EXEC | loop-4 | n14-q11, EXECTIME, d:h:m:s.ms | 0:0:0:29.978
QUERY-EXEC | loop-4 | q17-q12c, START, 2024-01-27 01:38:15.777696+00
QUERY-EXEC | loop-4 | q17-q12c, END, 2024-01-27 01:38:33.273893+00
QUERY-EXEC | loop-4 | q17-q12c, EXECTIME, d:h:m:s.ms | 0:0:0:17.496
QUERY-SKIP | loop-4 | p16-q12b, PENALTY, 3600000.000 ms
QUERY-SKIP | loop-4 | b2-q2, PENALTY, 3600000.000 ms
QUERY-SKIP | loop-4 | i9-q6, PENALTY, 3600000.000 ms
QUERY-SKIP | loop-4 | o15-q12a, PENALTY, 3600000.000 ms
QUERY-SKIP | loop-4 | g7-q5a, PENALTY, 3600000.000 ms
QUERY-SKIP | loop-4 | f6-q4, PENALTY, 3600000.000 ms
QUERY-SKIP | loop-4 | j10-q7, PENALTY, 3600000.000 ms
QUERY-EXEC | loop-5 | a1-q1, START, 2024-01-27 01:38:36.610363+00
QUERY-EXEC | loop-5 | a1-q1, END, 2024-01-27 01:39:54.642776+00
QUERY-EXEC | loop-5 | a1-q1, EXECTIME, d:h:m:s.ms | 0:0:1:18.32
QUERY-EXEC | loop-5 | c3-q3a, START, 2024-01-27 01:39:57.650420+00
QUERY-EXEC | loop-5 | c3-q3a, END, 2024-01-27 01:44:11.630316+00
QUERY-EXEC | loop-5 | c3-q3a, EXECTIME, d:h:m:s.ms | 0:0:4:13.979
QUERY-EXEC | loop-5 | d4-q3b, START, 2024-01-27 01:44:14.638012+00
QUERY-EXEC | loop-5 | d4-q3b, END, 2024-01-27 01:48:04.423264+00
QUERY-EXEC | loop-5 | d4-q3b, EXECTIME, d:h:m:s.ms | 0:0:3:49.785
QUERY-EXEC | loop-5 | e5-q3c, START, 2024-01-27 01:48:07.431251+00
QUERY-EXEC | loop-5 | e5-q3c, END, 2024-01-27 01:51:57.358009+00
QUERY-EXEC | loop-5 | e5-q3c, EXECTIME, d:h:m:s.ms | 0:0:3:49.926
QUERY-EXEC | loop-5 | h8-q5b, START, 2024-01-27 01:52:00.365787+00
QUERY-EXEC | loop-5 | h8-q5b, END, 2024-01-27 01:58:53.549089+00
QUERY-EXEC | loop-5 | h8-q5b, EXECTIME, d:h:m:s.ms | 0:0:6:53.183
QUERY-EXEC | loop-5 | k11-q8, START, 2024-01-27 01:58:56.556926+00
QUERY-EXEC | loop-5 | k11-q8, END, 2024-01-27 02:12:17.600653+00
QUERY-EXEC | loop-5 | k11-q8, EXECTIME, d:h:m:s.ms | 0:0:13:21.43
QUERY-EXEC | loop-5 | l12-q9, START, 2024-01-27 02:12:20.608398+00
QUERY-EXEC | loop-5 | l12-q9, END, 2024-01-27 02:27:19.988368+00
QUERY-EXEC | loop-5 | l12-q9, EXECTIME, d:h:m:s.ms | 0:0:14:59.379
QUERY-EXEC | loop-5 | m13-q10, START, 2024-01-27 02:27:22.996328+00
QUERY-EXEC | loop-5 | m13-q10, END, 2024-01-27 02:30:03.002625+00
QUERY-EXEC | loop-5 | m13-q10, EXECTIME, d:h:m:s.ms | 0:0:2:40.6
QUERY-EXEC | loop-5 | n14-q11, START, 2024-01-27 02:30:06.010410+00
QUERY-EXEC | loop-5 | n14-q11, END, 2024-01-27 02:30:35.938106+00
QUERY-EXEC | loop-5 | n14-q11, EXECTIME, d:h:m:s.ms | 0:0:0:29.927
QUERY-EXEC | loop-5 | q17-q12c, START, 2024-01-27 02:30:38.945778+00
QUERY-EXEC | loop-5 | q17-q12c, END, 2024-01-27 02:30:56.429656+00
QUERY-EXEC | loop-5 | q17-q12c, EXECTIME, d:h:m:s.ms | 0:0:0:17.483
QUERY-SKIP | loop-5 | p16-q12b, PENALTY, 3600000.000 ms
QUERY-SKIP | loop-5 | b2-q2, PENALTY, 3600000.000 ms
QUERY-SKIP | loop-5 | i9-q6, PENALTY, 3600000.000 ms
QUERY-SKIP | loop-5 | o15-q12a, PENALTY, 3600000.000 ms
QUERY-SKIP | loop-5 | g7-q5a, PENALTY, 3600000.000 ms
QUERY-SKIP | loop-5 | f6-q4, PENALTY, 3600000.000 ms
QUERY-SKIP | loop-5 | j10-q7, PENALTY, 3600000.000 ms
QUERY-EXEC | loop-6 | a1-q1, START, 2024-01-27 02:30:59.767664+00
QUERY-EXEC | loop-6 | a1-q1, END, 2024-01-27 02:32:17.910041+00
QUERY-EXEC | loop-6 | a1-q1, EXECTIME, d:h:m:s.ms | 0:0:1:18.142
QUERY-EXEC | loop-6 | c3-q3a, START, 2024-01-27 02:32:20.917879+00
QUERY-EXEC | loop-6 | c3-q3a, END, 2024-01-27 02:36:35.452841+00
QUERY-EXEC | loop-6 | c3-q3a, EXECTIME, d:h:m:s.ms | 0:0:4:14.534
QUERY-EXEC | loop-6 | d4-q3b, START, 2024-01-27 02:36:38.460686+00
QUERY-EXEC | loop-6 | d4-q3b, END, 2024-01-27 02:40:28.713505+00
QUERY-EXEC | loop-6 | d4-q3b, EXECTIME, d:h:m:s.ms | 0:0:3:50.252
QUERY-EXEC | loop-6 | e5-q3c, START, 2024-01-27 02:40:31.721368+00
QUERY-EXEC | loop-6 | e5-q3c, END, 2024-01-27 02:44:21.944888+00
QUERY-EXEC | loop-6 | e5-q3c, EXECTIME, d:h:m:s.ms | 0:0:3:50.223
QUERY-EXEC | loop-6 | h8-q5b, START, 2024-01-27 02:44:24.952747+00
QUERY-EXEC | loop-6 | h8-q5b, END, 2024-01-27 02:51:17.673461+00
QUERY-EXEC | loop-6 | h8-q5b, EXECTIME, d:h:m:s.ms | 0:0:6:52.720
QUERY-EXEC | loop-6 | k11-q8, START, 2024-01-27 02:51:20.681313+00
QUERY-EXEC | loop-6 | k11-q8, END, 2024-01-27 03:04:02.199971+00
QUERY-EXEC | loop-6 | k11-q8, EXECTIME, d:h:m:s.ms | 0:0:12:41.518
QUERY-EXEC | loop-6 | l12-q9, START, 2024-01-27 03:04:05.207883+00
QUERY-EXEC | loop-6 | l12-q9, END, 2024-01-27 03:18:54.126689+00
QUERY-EXEC | loop-6 | l12-q9, EXECTIME, d:h:m:s.ms | 0:0:14:48.918
QUERY-EXEC | loop-6 | m13-q10, START, 2024-01-27 03:18:57.134514+00
QUERY-EXEC | loop-6 | m13-q10, END, 2024-01-27 03:21:33.152362+00
QUERY-EXEC | loop-6 | m13-q10, EXECTIME, d:h:m:s.ms | 0:0:2:36.17
QUERY-EXEC | loop-6 | n14-q11, START, 2024-01-27 03:21:36.160187+00
QUERY-EXEC | loop-6 | n14-q11, END, 2024-01-27 03:22:10.797606+00
QUERY-EXEC | loop-6 | n14-q11, EXECTIME, d:h:m:s.ms | 0:0:0:34.637
QUERY-EXEC | loop-6 | q17-q12c, START, 2024-01-27 03:22:13.805487+00
QUERY-EXEC | loop-6 | q17-q12c, END, 2024-01-27 03:22:31.271946+00
QUERY-EXEC | loop-6 | q17-q12c, EXECTIME, d:h:m:s.ms | 0:0:0:17.466
QUERY-SKIP | loop-6 | p16-q12b, PENALTY, 3600000.000 ms
QUERY-SKIP | loop-6 | b2-q2, PENALTY, 3600000.000 ms
QUERY-SKIP | loop-6 | i9-q6, PENALTY, 3600000.000 ms
QUERY-SKIP | loop-6 | o15-q12a, PENALTY, 3600000.000 ms
QUERY-SKIP | loop-6 | g7-q5a, PENALTY, 3600000.000 ms
QUERY-SKIP | loop-6 | f6-q4, PENALTY, 3600000.000 ms
QUERY-SKIP | loop-6 | j10-q7, PENALTY, 3600000.000 ms
QUERY-EXEC | loop-7 | a1-q1, START, 2024-01-27 03:22:34.608937+00
QUERY-EXEC | loop-7 | a1-q1, END, 2024-01-27 03:23:53.472334+00
QUERY-EXEC | loop-7 | a1-q1, EXECTIME, d:h:m:s.ms | 0:0:1:18.863
QUERY-EXEC | loop-7 | c3-q3a, START, 2024-01-27 03:23:56.480131+00
QUERY-EXEC | loop-7 | c3-q3a, END, 2024-01-27 03:28:11.071950+00
QUERY-EXEC | loop-7 | c3-q3a, EXECTIME, d:h:m:s.ms | 0:0:4:14.591
QUERY-EXEC | loop-7 | d4-q3b, START, 2024-01-27 03:28:14.079761+00
QUERY-EXEC | loop-7 | d4-q3b, END, 2024-01-27 03:32:04.209657+00
QUERY-EXEC | loop-7 | d4-q3b, EXECTIME, d:h:m:s.ms | 0:0:3:50.129
QUERY-EXEC | loop-7 | e5-q3c, START, 2024-01-27 03:32:07.217420+00
QUERY-EXEC | loop-7 | e5-q3c, END, 2024-01-27 03:35:57.442035+00
QUERY-EXEC | loop-7 | e5-q3c, EXECTIME, d:h:m:s.ms | 0:0:3:50.224
QUERY-EXEC | loop-7 | h8-q5b, START, 2024-01-27 03:36:00.449871+00
QUERY-EXEC | loop-7 | h8-q5b, END, 2024-01-27 03:42:51.177213+00
QUERY-EXEC | loop-7 | h8-q5b, EXECTIME, d:h:m:s.ms | 0:0:6:50.727
QUERY-EXEC | loop-7 | k11-q8, START, 2024-01-27 03:42:54.185126+00
QUERY-EXEC | loop-7 | k11-q8, END, 2024-01-27 03:56:24.682817+00
QUERY-EXEC | loop-7 | k11-q8, EXECTIME, d:h:m:s.ms | 0:0:13:30.497
QUERY-EXEC | loop-7 | l12-q9, START, 2024-01-27 03:56:27.690721+00
QUERY-EXEC | loop-7 | l12-q9, END, 2024-01-27 04:11:12.154112+00
QUERY-EXEC | loop-7 | l12-q9, EXECTIME, d:h:m:s.ms | 0:0:14:44.463
QUERY-EXEC | loop-7 | m13-q10, START, 2024-01-27 04:11:15.161970+00
QUERY-EXEC | loop-7 | m13-q10, END, 2024-01-27 04:13:56.528912+00
QUERY-EXEC | loop-7 | m13-q10, EXECTIME, d:h:m:s.ms | 0:0:2:41.366
QUERY-EXEC | loop-7 | n14-q11, START, 2024-01-27 04:13:59.536694+00
QUERY-EXEC | loop-7 | n14-q11, END, 2024-01-27 04:14:29.743873+00
QUERY-EXEC | loop-7 | n14-q11, EXECTIME, d:h:m:s.ms | 0:0:0:30.207
QUERY-EXEC | loop-7 | q17-q12c, START, 2024-01-27 04:14:32.751724+00
QUERY-EXEC | loop-7 | q17-q12c, END, 2024-01-27 04:14:50.255630+00
QUERY-EXEC | loop-7 | q17-q12c, EXECTIME, d:h:m:s.ms | 0:0:0:17.503
QUERY-SKIP | loop-7 | p16-q12b, PENALTY, 3600000.000 ms
QUERY-SKIP | loop-7 | b2-q2, PENALTY, 3600000.000 ms
QUERY-SKIP | loop-7 | i9-q6, PENALTY, 3600000.000 ms
QUERY-SKIP | loop-7 | o15-q12a, PENALTY, 3600000.000 ms
QUERY-SKIP | loop-7 | g7-q5a, PENALTY, 3600000.000 ms
QUERY-SKIP | loop-7 | f6-q4, PENALTY, 3600000.000 ms
QUERY-SKIP | loop-7 | j10-q7, PENALTY, 3600000.000 ms
QUERY-EXEC | loop-8 | a1-q1, START, 2024-01-27 04:14:53.592702+00
QUERY-EXEC | loop-8 | a1-q1, END, 2024-01-27 04:16:12.578422+00
QUERY-EXEC | loop-8 | a1-q1, EXECTIME, d:h:m:s.ms | 0:0:1:18.985
QUERY-EXEC | loop-8 | c3-q3a, START, 2024-01-27 04:16:15.586244+00
QUERY-EXEC | loop-8 | c3-q3a, END, 2024-01-27 04:20:29.614991+00
QUERY-EXEC | loop-8 | c3-q3a, EXECTIME, d:h:m:s.ms | 0:0:4:14.28
QUERY-EXEC | loop-8 | d4-q3b, START, 2024-01-27 04:20:32.622707+00
QUERY-EXEC | loop-8 | d4-q3b, END, 2024-01-27 04:24:22.648728+00
QUERY-EXEC | loop-8 | d4-q3b, EXECTIME, d:h:m:s.ms | 0:0:3:50.26
QUERY-EXEC | loop-8 | e5-q3c, START, 2024-01-27 04:24:25.656641+00
QUERY-EXEC | loop-8 | e5-q3c, END, 2024-01-27 04:28:15.674117+00
QUERY-EXEC | loop-8 | e5-q3c, EXECTIME, d:h:m:s.ms | 0:0:3:50.17
QUERY-EXEC | loop-8 | h8-q5b, START, 2024-01-27 04:28:18.681836+00
QUERY-EXEC | loop-8 | h8-q5b, END, 2024-01-27 04:35:08.382405+00
QUERY-EXEC | loop-8 | h8-q5b, EXECTIME, d:h:m:s.ms | 0:0:6:49.700
QUERY-EXEC | loop-8 | k11-q8, START, 2024-01-27 04:35:11.390176+00
QUERY-EXEC | loop-8 | k11-q8, END, 2024-01-27 04:48:06.645387+00
QUERY-EXEC | loop-8 | k11-q8, EXECTIME, d:h:m:s.ms | 0:0:12:55.255
QUERY-EXEC | loop-8 | l12-q9, START, 2024-01-27 04:48:09.653168+00
QUERY-EXEC | loop-8 | l12-q9, END, 2024-01-27 05:03:13.323017+00
QUERY-EXEC | loop-8 | l12-q9, EXECTIME, d:h:m:s.ms | 0:0:15:3.669
QUERY-EXEC | loop-8 | m13-q10, START, 2024-01-27 05:03:16.330731+00
QUERY-EXEC | loop-8 | m13-q10, END, 2024-01-27 05:05:54.944881+00
QUERY-EXEC | loop-8 | m13-q10, EXECTIME, d:h:m:s.ms | 0:0:2:38.614
QUERY-EXEC | loop-8 | n14-q11, START, 2024-01-27 05:05:57.953107+00
QUERY-EXEC | loop-8 | n14-q11, END, 2024-01-27 05:06:27.708264+00
QUERY-EXEC | loop-8 | n14-q11, EXECTIME, d:h:m:s.ms | 0:0:0:29.755
QUERY-EXEC | loop-8 | q17-q12c, START, 2024-01-27 05:06:30.716125+00
QUERY-EXEC | loop-8 | q17-q12c, END, 2024-01-27 05:06:48.182363+00
QUERY-EXEC | loop-8 | q17-q12c, EXECTIME, d:h:m:s.ms | 0:0:0:17.466
QUERY-SKIP | loop-8 | p16-q12b, PENALTY, 3600000.000 ms
QUERY-SKIP | loop-8 | b2-q2, PENALTY, 3600000.000 ms
QUERY-SKIP | loop-8 | i9-q6, PENALTY, 3600000.000 ms
QUERY-SKIP | loop-8 | o15-q12a, PENALTY, 3600000.000 ms
QUERY-SKIP | loop-8 | g7-q5a, PENALTY, 3600000.000 ms
QUERY-SKIP | loop-8 | f6-q4, PENALTY, 3600000.000 ms
QUERY-SKIP | loop-8 | j10-q7, PENALTY, 3600000.000 ms
QUERY-EXEC | loop-9 | a1-q1, START, 2024-01-27 05:06:51.520211+00
QUERY-EXEC | loop-9 | a1-q1, END, 2024-01-27 05:08:07.134670+00
QUERY-EXEC | loop-9 | a1-q1, EXECTIME, d:h:m:s.ms | 0:0:1:15.614
QUERY-EXEC | loop-9 | c3-q3a, START, 2024-01-27 05:08:10.142511+00
QUERY-EXEC | loop-9 | c3-q3a, END, 2024-01-27 05:12:24.319730+00
QUERY-EXEC | loop-9 | c3-q3a, EXECTIME, d:h:m:s.ms | 0:0:4:14.177
QUERY-EXEC | loop-9 | d4-q3b, START, 2024-01-27 05:12:27.328004+00
QUERY-EXEC | loop-9 | d4-q3b, END, 2024-01-27 05:16:17.099697+00
QUERY-EXEC | loop-9 | d4-q3b, EXECTIME, d:h:m:s.ms | 0:0:3:49.771
QUERY-EXEC | loop-9 | e5-q3c, START, 2024-01-27 05:16:20.107488+00
QUERY-EXEC | loop-9 | e5-q3c, END, 2024-01-27 05:20:11.306204+00
QUERY-EXEC | loop-9 | e5-q3c, EXECTIME, d:h:m:s.ms | 0:0:3:51.198
QUERY-EXEC | loop-9 | h8-q5b, START, 2024-01-27 05:20:14.314176+00
QUERY-EXEC | loop-9 | h8-q5b, END, 2024-01-27 05:27:05.192108+00
QUERY-EXEC | loop-9 | h8-q5b, EXECTIME, d:h:m:s.ms | 0:0:6:50.877
QUERY-EXEC | loop-9 | k11-q8, START, 2024-01-27 05:27:08.200012+00
QUERY-EXEC | loop-9 | k11-q8, END, 2024-01-27 05:39:54.170569+00
QUERY-EXEC | loop-9 | k11-q8, EXECTIME, d:h:m:s.ms | 0:0:12:45.970
QUERY-EXEC | loop-9 | l12-q9, START, 2024-01-27 05:39:57.178539+00
QUERY-EXEC | loop-9 | l12-q9, END, 2024-01-27 05:55:37.717635+00
QUERY-EXEC | loop-9 | l12-q9, EXECTIME, d:h:m:s.ms | 0:0:15:40.539
QUERY-EXEC | loop-9 | m13-q10, START, 2024-01-27 05:55:40.725698+00
QUERY-EXEC | loop-9 | m13-q10, END, 2024-01-27 05:58:19.135150+00
QUERY-EXEC | loop-9 | m13-q10, EXECTIME, d:h:m:s.ms | 0:0:2:38.409
QUERY-EXEC | loop-9 | n14-q11, START, 2024-01-27 05:58:22.142869+00
QUERY-EXEC | loop-9 | n14-q11, END, 2024-01-27 05:58:51.997364+00
QUERY-EXEC | loop-9 | n14-q11, EXECTIME, d:h:m:s.ms | 0:0:0:29.854
QUERY-EXEC | loop-9 | q17-q12c, START, 2024-01-27 05:58:55.005277+00
QUERY-EXEC | loop-9 | q17-q12c, END, 2024-01-27 05:59:12.479503+00
QUERY-EXEC | loop-9 | q17-q12c, EXECTIME, d:h:m:s.ms | 0:0:0:17.474
QUERY-SKIP | loop-9 | p16-q12b, PENALTY, 3600000.000 ms
QUERY-SKIP | loop-9 | b2-q2, PENALTY, 3600000.000 ms
QUERY-SKIP | loop-9 | i9-q6, PENALTY, 3600000.000 ms
QUERY-SKIP | loop-9 | o15-q12a, PENALTY, 3600000.000 ms
QUERY-SKIP | loop-9 | g7-q5a, PENALTY, 3600000.000 ms
QUERY-SKIP | loop-9 | f6-q4, PENALTY, 3600000.000 ms
QUERY-SKIP | loop-9 | j10-q7, PENALTY, 3600000.000 ms
QUERY-EXEC | loop-10 | a1-q1, START, 2024-01-27 05:59:15.816589+00
QUERY-EXEC | loop-10 | a1-q1, END, 2024-01-27 06:00:30.523792+00
QUERY-EXEC | loop-10 | a1-q1, EXECTIME, d:h:m:s.ms | 0:0:1:14.707
QUERY-EXEC | loop-10 | c3-q3a, START, 2024-01-27 06:00:33.531665+00
QUERY-EXEC | loop-10 | c3-q3a, END, 2024-01-27 06:04:47.781758+00
QUERY-EXEC | loop-10 | c3-q3a, EXECTIME, d:h:m:s.ms | 0:0:4:14.250
QUERY-EXEC | loop-10 | d4-q3b, START, 2024-01-27 06:04:50.789699+00
QUERY-EXEC | loop-10 | d4-q3b, END, 2024-01-27 06:08:40.878599+00
QUERY-EXEC | loop-10 | d4-q3b, EXECTIME, d:h:m:s.ms | 0:0:3:50.88
QUERY-EXEC | loop-10 | e5-q3c, START, 2024-01-27 06:08:43.886560+00
QUERY-EXEC | loop-10 | e5-q3c, END, 2024-01-27 06:12:33.866919+00
QUERY-EXEC | loop-10 | e5-q3c, EXECTIME, d:h:m:s.ms | 0:0:3:49.980
QUERY-EXEC | loop-10 | h8-q5b, START, 2024-01-27 06:12:36.874782+00
QUERY-EXEC | loop-10 | h8-q5b, END, 2024-01-27 06:19:24.147839+00
QUERY-EXEC | loop-10 | h8-q5b, EXECTIME, d:h:m:s.ms | 0:0:6:47.273
QUERY-EXEC | loop-10 | k11-q8, START, 2024-01-27 06:19:27.155829+00
QUERY-EXEC | loop-10 | k11-q8, END, 2024-01-27 06:32:16.653269+00
QUERY-EXEC | loop-10 | k11-q8, EXECTIME, d:h:m:s.ms | 0:0:12:49.497
QUERY-EXEC | loop-10 | l12-q9, START, 2024-01-27 06:32:19.661150+00
QUERY-EXEC | loop-10 | l12-q9, END, 2024-01-27 06:48:00.213302+00
QUERY-EXEC | loop-10 | l12-q9, EXECTIME, d:h:m:s.ms | 0:0:15:40.552
QUERY-EXEC | loop-10 | m13-q10, START, 2024-01-27 06:48:03.221088+00
QUERY-EXEC | loop-10 | m13-q10, END, 2024-01-27 06:50:45.022867+00
QUERY-EXEC | loop-10 | m13-q10, EXECTIME, d:h:m:s.ms | 0:0:2:41.801
QUERY-EXEC | loop-10 | n14-q11, START, 2024-01-27 06:50:48.030911+00
QUERY-EXEC | loop-10 | n14-q11, END, 2024-01-27 06:51:17.812285+00
QUERY-EXEC | loop-10 | n14-q11, EXECTIME, d:h:m:s.ms | 0:0:0:29.781
QUERY-EXEC | loop-10 | q17-q12c, START, 2024-01-27 06:51:20.820233+00
QUERY-EXEC | loop-10 | q17-q12c, END, 2024-01-27 06:51:38.306224+00
QUERY-EXEC | loop-10 | q17-q12c, EXECTIME, d:h:m:s.ms | 0:0:0:17.485
QUERY-SKIP | loop-10 | p16-q12b, PENALTY, 3600000.000 ms
QUERY-SKIP | loop-10 | b2-q2, PENALTY, 3600000.000 ms
QUERY-SKIP | loop-10 | i9-q6, PENALTY, 3600000.000 ms
QUERY-SKIP | loop-10 | o15-q12a, PENALTY, 3600000.000 ms
QUERY-SKIP | loop-10 | g7-q5a, PENALTY, 3600000.000 ms
QUERY-SKIP | loop-10 | f6-q4, PENALTY, 3600000.000 ms
QUERY-SKIP | loop-10 | j10-q7, PENALTY, 3600000.000 ms
RUNQUERIES, END, 2024-01-27 06:51:38.641975+00
RUNQUERIES, EXECTIME, d:h:m:s.ms | 0:11:45:14.718
CALCPERFORMANCE, START, 2024-01-27 06:51:38.650378+00
CALCPERFORMANCE, END, 2024-01-27 06:51:38.726538+00
CALCPERFORMANCE, EXECTIME, d:h:m:s.ms | 0:0:0:0.76
MEASUREMENT, END, 2024-01-27 06:51:38.734123+00
MEASUREMENT, EXECTIME, d:h:m:s.ms | 0:12:26:16.211
